Title,Price,Link,Image Link
iPhone 14 128 GB Unlocked,$355.00,https://www.ebay.com/itm/267118227463,https://i.ebayimg.com/images/g/H3sAAOSwoyhnUSrQ/s-l500.jpg
Pre owned Apple iPhone 14 Plus - 128 GB - Lavender (Unlocked),$351.85,https://www.ebay.com/itm/226532435627,https://i.ebayimg.com/images/g/EWgAAOSwOz9nOgko/s-l500.jpg
Apple iPhone 14 Plus - 128 GB - Silver (Unlocked),$350.00,https://www.ebay.com/itm/396108687757,https://i.ebayimg.com/images/g/EcgAAOSw80lnf9S3/s-l140.jpg
iPhone 14,$350.00,https://www.ebay.com/itm/176784387410,https://i.ebayimg.com/images/g/UNEAAOSwIqRngdvo/s-l140.jpg
Apple iPhone 14 Plus - 128 GB - White  (Unlocked) ,$350.00,https://www.ebay.com/itm/387799061023,https://i.ebayimg.com/images/g/vVMAAOSwYLxnfEsS/s-l140.jpg
iphone 14,$380.00,https://www.ebay.com/itm/286261133050,https://i.ebayimg.com/images/g/iu8AAOSwgalnhB61/s-l140.jpg
Apple iPhone 14 128GB  Starlight Unlocked  in great condition,$359.96,https://www.ebay.com/itm/116438787393,https://i.ebayimg.com/images/g/bfEAAOSwfaFne8wO/s-l140.jpg
UNLOCKED iPhone 14 Red 128 GB VIEW ALL PHOTOS,$250.00,https://www.ebay.com/itm/405468613736,https://i.ebayimg.com/images/g/ooYAAOSwxyNngKM~/s-l140.jpg
Apple iPhone 14 - 128 GB - Blue (Unlocked),$242.30,https://www.ebay.com/itm/186888884363,https://i.ebayimg.com/images/g/jXAAAOSwOFBnfe4S/s-l140.jpg
"iPhone 14 , Starlight, 128g Unlock Look very Good Cond.",$353.00,https://www.ebay.com/itm/176774689456,https://i.ebayimg.com/images/g/riwAAOSwG8dnez5o/s-l140.jpg
iPhone 14,$315.00,https://www.ebay.com/itm/316109006007,https://i.ebayimg.com/images/g/834AAOSwlCNnez7y/s-l140.jpg
Apple iPhone 14 MPUN3LL/A 128GB White Starlight Factory Unlocked EXCELLENT!!,$319.99,https://www.ebay.com/itm/226540924742,https://i.ebayimg.com/images/g/TesAAOSwBRtnhAhX/s-l140.jpg
iPhone 14 Plus 128gb unlocked ,$262.34,https://www.ebay.com/itm/205215135329,https://i.ebayimg.com/images/g/AFkAAOSwD6Fneu93/s-l140.jpg
Apple iPhone 14 - 128GB - Midnight (Unlocked) 89% Battery Health,$378.26,https://www.ebay.com/itm/286259598174,https://i.ebayimg.com/images/g/mnEAAOSwWodngr3O/s-l140.jpg
iphone 14 plus 256gb unlocked,$400.00,https://www.ebay.com/itm/365325025723,https://i.ebayimg.com/images/g/Mg0AAOSw-KtnZflh/s-l140.jpg
Apple iPhone 14 - 128 GB - Starlight (Unlocked),$340.00,https://www.ebay.com/itm/296925022505,https://i.ebayimg.com/images/g/MawAAOSw~B5neqZT/s-l140.jpg
Apple iPhone 14 - 128 GB - Purple/Lilac (Unlocked),$366.00,https://www.ebay.com/itm/146319160284,https://i.ebayimg.com/images/g/iOEAAOSwjOVnfK5u/s-l140.jpg
Apple iPhone 14 Blue 128 GB -UNLOCKED - USED- Battery Health 91%,$371.00,https://www.ebay.com/itm/196929494949,https://i.ebayimg.com/images/g/WIcAAOSwqplnefBm/s-l140.jpg
iPhone 14 GSM Unlocked Purple 128GB,$310.10,https://www.ebay.com/itm/146315660081,https://i.ebayimg.com/images/g/b80AAOSwhPxnX29D/s-l140.jpg
Apple iPhone 14 - 128 GB - Purple (Unlocked),$331.00,https://www.ebay.com/itm/286254888174,https://i.ebayimg.com/images/g/aj8AAOSwIA9nfxLX/s-l140.jpg
***Apple IPhone 14***,$310.00,https://www.ebay.com/itm/316117828383,https://i.ebayimg.com/images/g/m3gAAOSwPotnfzc-/s-l140.jpg
iPhone 14 128Gb Blue Unlocked,$370.00,https://www.ebay.com/itm/396116896687,https://i.ebayimg.com/images/g/edsAAOSwln5ngsIf/s-l140.jpg
iPhone 14 128GB Light Blue,$340.00,https://www.ebay.com/itm/286251499553,https://i.ebayimg.com/images/g/lnQAAOSwTs9nfGxJ/s-l140.jpg
Apple iPhone 14 Plus - 128 GB - Light Blue - Good Conditionüëåüèº,$275.00,https://www.ebay.com/itm/116440944845,https://i.ebayimg.com/images/g/k80AAOSwVOBnT8eq/s-l140.jpg
Apple iPhone 14 Plus - 128 GB - Silver (Unlocked),$388.88,https://www.ebay.com/itm/156624975408,https://i.ebayimg.com/images/g/qfoAAOSwQDZnfdAC/s-l140.jpg
iPhone 14 Purple 128gb ,$217.50,https://www.ebay.com/itm/235899520913,https://i.ebayimg.com/images/g/AusAAOSwDWJnZd8m/s-l140.jpg
Iphone 14 Black  Not Simlock(Dual Sim)),$366.06,https://www.ebay.com/itm/267116936066,https://i.ebayimg.com/images/g/0P8AAOSwrz5negXU/s-l140.jpg
iphone 14 att 256gb,$311.00,https://www.ebay.com/itm/267114698669,https://i.ebayimg.com/images/g/s7IAAOSwNY1neGOt/s-l140.jpg
Apple iPhone 14 128gb - Purple - UNLOCKED - EXCELLENT CONDITION Battery 93%,$360.00,https://www.ebay.com/itm/167243393295,https://i.ebayimg.com/images/g/03YAAOSwuu9ngDTk/s-l140.jpg
iPhone 14 Plus,$385.00,https://www.ebay.com/itm/316103782031,https://i.ebayimg.com/images/g/t~wAAOSw8mVneDrS/s-l140.jpg
Apple iPhone 14 Plus Unlocked See Images 0026182,$335.00,https://www.ebay.com/itm/286246297114,https://i.ebayimg.com/images/g/MHUAAOSwxeBnabsR/s-l140.jpg
iPhone 14 Unlocked 128gb,$343.00,https://www.ebay.com/itm/126864871366,https://i.ebayimg.com/images/g/hzEAAOSwJlZneBul/s-l140.jpg
iPhone 14 Plus Unlocked 128gb Red,$310.00,https://www.ebay.com/itm/135479111803,https://i.ebayimg.com/images/g/JwgAAOSwlhNndw6N/s-l140.jpg
Apple iPhone 14 - 128GB - Blue (Unlocked),$390.46,https://www.ebay.com/itm/226525235581,https://i.ebayimg.com/images/g/T74AAOSwUbVndwpG/s-l140.jpg
iPhone 14 Plus 128gb Unlocked Clean imei,$345.00,https://www.ebay.com/itm/396097406235,https://i.ebayimg.com/images/g/OK8AAOSwKxlndp4U/s-l140.jpg
"iphone 14, 128gb Blue",$325.00,https://www.ebay.com/itm/356449792521,https://i.ebayimg.com/images/g/FvkAAOSw935nf0-g/s-l140.jpg
Apple iPhone 14 - 128 GB - Blue (Unlocked),$275.00,https://www.ebay.com/itm/186881065721,https://i.ebayimg.com/images/g/jXAAAOSwOFBnfe4S/s-l500.jpg
Apple iPhone 14 128GB Fully Unlocked Excellent - Silver - 88% Battery Health,$385.00,https://www.ebay.com/itm/176768293688,https://i.ebayimg.com/images/g/E68AAOSwscxnbJ7v/s-l500.jpg
Apple iPhone 14 Plus - 128 GB - Purple (Unlocked),$326.00,https://www.ebay.com/itm/116435598978,https://i.ebayimg.com/images/g/zh0AAOSwhHNnd1MC/s-l140.jpg
iPhone 14 Midnight 128 Gb,$345.00,https://www.ebay.com/itm/326392006931,https://i.ebayimg.com/images/g/OC8AAOSwW61ndxgS/s-l140.jpg
iPhone 14 Plus,$291.00,https://www.ebay.com/itm/267113520729,https://i.ebayimg.com/images/g/QVkAAOSwE1FndsKG/s-l140.jpg
Pre owned Apple iPhone 14 Plus - 128 GB - Silver (Unlocked),$326.00,https://www.ebay.com/itm/226521697553,https://i.ebayimg.com/images/g/EWgAAOSwOz9nOgko/s-l140.jpg
Apple iPhone 14 Plus - 128GB - Midnight (Unlocked) - Good Condition,$244.03,https://www.ebay.com/itm/135486626452,https://i.ebayimg.com/images/g/3QoAAOSwD9JnfN4S/s-l140.jpg
iPhone 14 Unlocked,$327.00,https://www.ebay.com/itm/235893435848,https://i.ebayimg.com/images/g/fUQAAOSwKHRnc3oD/s-l140.jpg
iphone 14 plus unlocked,$365.00,https://www.ebay.com/itm/235893420650,https://i.ebayimg.com/images/g/LGEAAOSwcAdnc3X9/s-l140.jpg
Apple iPhone 14 - 128 GB - Purple (Unlocked),$344.00,https://www.ebay.com/itm/116432657444,https://i.ebayimg.com/images/g/N4YAAOSwOUhncxTO/s-l140.jpg
Apple iPhone 14 - 128 GB - Black (Unlocked),$243.41,https://www.ebay.com/itm/356441651545,https://i.ebayimg.com/images/g/uZYAAOSwXc5nfAeh/s-l140.jpg
Apple iPhone 14 - 128 GB - Black Unlocked Used 1 Month,$395.00,https://www.ebay.com/itm/176772620783,https://i.ebayimg.com/images/g/NlkAAOSw7JVneaoP/s-l140.jpg
iphone 14 256gb att,$330.00,https://www.ebay.com/itm/167211194271,https://i.ebayimg.com/images/g/ZBEAAOSw2RNnbbAQ/s-l140.jpg
Apple iPhone 14 Blue 128 GB USED - UNLOCKED -Battery Health 89% Used,$380.00,https://www.ebay.com/itm/196919022869,https://i.ebayimg.com/images/g/FQkAAOSw9Ytncgmy/s-l140.jpg
Apple iPhone 14 Plus - 128 GB - Blue (Unlocked),$320.00,https://www.ebay.com/itm/256766515845,https://i.ebayimg.com/images/g/JKgAAOSwFjRncf0e/s-l140.jpg
iPhone 14 Plus (GREAT CONDITION),$217.79,https://www.ebay.com/itm/126856380394,https://i.ebayimg.com/images/g/Th0AAOSw-bJncet2/s-l140.jpg
"Apple iPhone 14 256GB Starlight Unlocked Excellent Condition, original package",$400.00,https://www.ebay.com/itm/167211388989,https://i.ebayimg.com/images/g/ZUEAAOSwhfBnbcRn/s-l140.jpg
Apple iPhone 14 A2649 Verizon128GB Mint üî•üî•,$375.00,https://www.ebay.com/itm/267109979167,https://i.ebayimg.com/images/g/fawAAOSw8lRncdqy/s-l140.jpg
iPhone 14 Starlight 128 GB Great Condition - Unlocked,$320.61,https://www.ebay.com/itm/205193721720,https://i.ebayimg.com/images/g/JY4AAOSwCg1ncbtu/s-l140.jpg
Apple iPhone 14 - 128 GB - Black (Unlocked) - Excellent Condition - Accessories,$395.00,https://www.ebay.com/itm/276805719635,https://i.ebayimg.com/images/g/sisAAOSw~1Znesoc/s-l140.jpg
Apple iPhone 14 - 128 GB - Purple - Unlocked - MPUX3LL/A - ORIGINAL BOX INCLUDED,$339.00,https://www.ebay.com/itm/306014731395,https://i.ebayimg.com/images/g/sOcAAOSweKRnYJhu/s-l140.jpg
Apple iPhone 14 - 128 GB - Blue (Unlocked),$352.97,https://www.ebay.com/itm/226524911251,https://i.ebayimg.com/images/g/3XUAAOSwlqtnazB3/s-l140.jpg
iPhone 14 Plus 128gb Unlocked Clean imei,$391.00,https://www.ebay.com/itm/396082734684,https://i.ebayimg.com/images/g/OK8AAOSwKxlndp4U/s-l140.jpg
Apple iPhone 14 Plus - 128 GB - Red (Unlocked),$312.00,https://www.ebay.com/itm/205192140287,https://i.ebayimg.com/images/g/HwsAAOSw-y5ncKHr/s-l140.jpg
iPhone 14,$300.00,https://www.ebay.com/itm/116437364437,https://i.ebayimg.com/images/g/5JgAAOSwK79nec4f/s-l140.jpg
Apple iPhone 14  RED - 128GB (Unlocked) PLEASE READ ,$244.04,https://www.ebay.com/itm/146311559335,https://i.ebayimg.com/images/g/vV0AAOSwAnNndp6G/s-l140.jpg
Apple iPhone 14 128GB Blue A2649 Unlocked Smartphone Great Condition ,$332.48,https://www.ebay.com/itm/306004324300,https://i.ebayimg.com/images/g/8KIAAOSwnRhncFdR/s-l140.jpg
iPhone 14,$400.00,https://www.ebay.com/itm/335757235821,https://i.ebayimg.com/images/g/MNkAAOSwt0RneWfN/s-l140.jpg
Apple iPhone 14 - 128 GB - Black Unlocked,$316.43,https://www.ebay.com/itm/356432550970,https://i.ebayimg.com/images/g/cTkAAOSwhEdneChO/s-l140.jpg
iPhone 14 128GB UNLOCKED,$400.00,https://www.ebay.com/itm/326392184531,https://i.ebayimg.com/images/g/ZvEAAOSwFEdndzbE/s-l500.jpg
iphone 14 unlocked 128gb purple,$340.00,https://www.ebay.com/itm/387771753117,https://i.ebayimg.com/images/g/P3QAAOSw--FncCv0/s-l140.jpg
Apple iPhone 14 - 128GB - Starlight (Fully Unlocked) - Very Good Condition,$379.00,https://www.ebay.com/itm/365319978217,https://i.ebayimg.com/images/g/uO0AAOSw1whndwnz/s-l140.jpg
APPLE IPHONE 14 128GB STARLIGHT 100% BATTERY HEALTH UNLOCKED TO ANY NETWORK,$363.62,https://www.ebay.com/itm/335755674937,https://i.ebayimg.com/images/g/lA8AAOSw2ydnYAak/s-l140.jpg
iphone 14 128gb unlocked used,$371.00,https://www.ebay.com/itm/335755991634,https://i.ebayimg.com/images/g/rwQAAOSweqZnaJgR/s-l140.jpg
"Apple iPhone 14, 256GB, Black - Unlocked MINT condition No Scratches",$340.00,https://www.ebay.com/itm/326388035294,https://i.ebayimg.com/images/g/ZNsAAOSwhMNncf8g/s-l140.jpg
iphone 14 128gb unlocked,$338.00,https://www.ebay.com/itm/296921947980,https://i.ebayimg.com/images/g/Cy8AAOSwnkVneIeQ/s-l140.jpg
iphone 14 128gb unlocked,$300.00,https://www.ebay.com/itm/365310196223,https://i.ebayimg.com/images/g/Q~0AAOSws39nb0BI/s-l140.jpg
iPhone 14 Spectrum Only Works Great Just Upgraded No Reserve!,$270.00,https://www.ebay.com/itm/387782145147,https://i.ebayimg.com/images/g/OPsAAOSw0xFnKq0I/s-l140.jpg
Apple iPhone 14 256GB  (Unlocked) - Midnight,$395.00,https://www.ebay.com/itm/326385771413,https://i.ebayimg.com/images/g/OfQAAOSwjRVnbxzl/s-l140.jpg
Apple iPhone 14 - 128GB - Blue (Unlocked) A2882 Midnight Blue,$329.45,https://www.ebay.com/itm/135468174325,https://i.ebayimg.com/images/g/~MMAAOSwn6Jnbvwe/s-l140.jpg
iphone 14 128gb unlocked,$365.00,https://www.ebay.com/itm/276794441507,https://i.ebayimg.com/images/g/N7sAAOSwDWtnZNn9/s-l140.jpg
Iphone 14 128gb Unlocked,$319.00,https://www.ebay.com/itm/135479789121,https://i.ebayimg.com/images/g/LVgAAOSwrlhnd5cp/s-l140.jpg
Iphone 14,$285.00,https://www.ebay.com/itm/286240572107,https://i.ebayimg.com/images/g/JkcAAOSwQ~9nc3lh/s-l140.jpg
iPhone 14 Plus 256GB Xfinity Mobile,$257.00,https://www.ebay.com/itm/396057983817,https://i.ebayimg.com/images/g/27AAAOSwTHNnaeuO/s-l140.jpg
Apple iPhone 14 128g  w/eSim No sim Restrictions Unlocked,$320.00,https://www.ebay.com/itm/135466492272,https://i.ebayimg.com/images/g/X~cAAOSwLz9nZHMW/s-l140.jpg
Apple iPhone 15 -128GB - Black - MTLV3LL/A - Unlocked - Dual Sim-Great Condition,$400.00,https://www.ebay.com/itm/226513817373,https://i.ebayimg.com/images/g/ocwAAOSw56ZnYxD3/s-l140.jpg
Apple iPhone 14 128GB Fully Unlocked Excellent Condition - Silver,$346.00,https://www.ebay.com/itm/176757735651,https://i.ebayimg.com/images/g/E68AAOSwscxnbJ7v/s-l140.jpg
Apple iPhone 14 128GB Fully Unlocked Excellent Condition - Silver,$342.00,https://www.ebay.com/itm/176757735146,https://i.ebayimg.com/images/g/E68AAOSwscxnbJ7v/s-l140.jpg
Apple iPhone 14 128GB Fully Unlocked Excellent Condition - Silver,$345.00,https://www.ebay.com/itm/176757731754,https://i.ebayimg.com/images/g/E68AAOSwscxnbJ7v/s-l140.jpg
iphone 14 plus unlocked,$310.00,https://www.ebay.com/itm/316083819046,https://i.ebayimg.com/images/g/WhsAAOSwzc5nb3yK/s-l140.jpg
Apple iPhone 14 Plus 128 GB ,$229.50,https://www.ebay.com/itm/176757628700,https://i.ebayimg.com/images/g/Sl8AAOSwdf9nbIp9/s-l140.jpg
iphone 14 plus 256gb unlocked,$391.36,https://www.ebay.com/itm/387769401890,https://i.ebayimg.com/images/g/z-QAAOSwu4BnZa7K/s-l140.jpg
iPhone 14,$250.00,https://www.ebay.com/itm/306006174289,https://i.ebayimg.com/images/g/eVMAAOSwl3pncaKK/s-l140.jpg
Apple iPhone 14 Unlocked,$350.00,https://www.ebay.com/itm/156613777687,https://i.ebayimg.com/images/g/OA8AAOSwxXpndXi3/s-l140.jpg
Apple iPhone 14 - 128 GB - Blue (Unlocked),$356.00,https://www.ebay.com/itm/226515822838,https://i.ebayimg.com/images/g/3XUAAOSwlqtnazB3/s-l140.jpg
Apple iPhone 14 - 128 GB - Black (Spectrum),$202.50,https://www.ebay.com/itm/387767304316,https://i.ebayimg.com/images/g/bt0AAOSwrGRnblYg/s-l140.jpg
apple iPhone 14 ESN Not Good  Check Images 0026205,$313.88,https://www.ebay.com/itm/286230767685,https://i.ebayimg.com/images/g/bEUAAOSwAXxnayHG/s-l140.jpg
iPhone 14 Purple Color (Unlocked),$365.10,https://www.ebay.com/itm/256765267332,https://i.ebayimg.com/images/g/7ukAAOSwD2xncGXl/s-l140.jpg
iphone 14 128gb blue unlocked,$366.06,https://www.ebay.com/itm/286236775099,https://i.ebayimg.com/images/g/Z8sAAOSwzXxncD4k/s-l140.jpg
iPhone 14 128gb 02 Unlocked Factory Reset Good Condition All Functions Working,$323.35,https://www.ebay.com/itm/267108422895,https://i.ebayimg.com/images/g/7nkAAOSwyqNnb98v/s-l140.jpg
Starlight iPhone 14 Plus 128GB,$280.00,https://www.ebay.com/itm/126858620232,https://i.ebayimg.com/images/g/tYsAAOSwbapnc2QW/s-l140.jpg
iPhone 14 256gb,$322.00,https://www.ebay.com/itm/186856040429,https://i.ebayimg.com/images/g/fD4AAOSwJTBnahxY/s-l140.jpg
iPhone 14 Plus,$275.00,https://www.ebay.com/itm/296899478627,https://i.ebayimg.com/images/g/-EQAAOSwDctnXwml/s-l140.jpg
iPhone 14,$212.50,https://www.ebay.com/itm/365303015338,https://i.ebayimg.com/images/g/hAAAAOSwQO5nagAM/s-l140.jpg
"iPhone 14 128 Gb, White",$280.00,https://www.ebay.com/itm/176765253065,https://i.ebayimg.com/images/g/9-AAAOSwrk1ncxWn/s-l140.jpg
Apple iPhone 14 Unlocked 128gb,$300.00,https://www.ebay.com/itm/186865607875,https://i.ebayimg.com/images/g/sUkAAOSwtN5ncvcl/s-l140.jpg
Apple iPhone 14 See Images No Vibration Blurry Front Cam 0026192,$202.50,https://www.ebay.com/itm/286229291437,https://i.ebayimg.com/images/g/-KwAAOSw-1lnac9H/s-l140.jpg
Apple iPhone 14 Plus Unlocked See Images 0026183,$280.90,https://www.ebay.com/itm/286229204229,https://i.ebayimg.com/images/g/ByAAAOSwlgxnabxD/s-l140.jpg
Apple iPhone 14 Plus Unlocked See Images 0026182,$208.50,https://www.ebay.com/itm/276789955368,https://i.ebayimg.com/images/g/MHUAAOSwxeBnabsR/s-l140.jpg
Apple iPhone 14 - Black - Unlocked - 128GB - FAIR CONDITION- NO BACK CAMERA,$214.50,https://www.ebay.com/itm/267104576454,https://i.ebayimg.com/images/g/g~0AAOSwBTRnK9Fo/s-l500.jpg
Apple iPhone 14 - 128 GB - Midnight (Unlocked) - 96% Battery Health,$345.00,https://www.ebay.com/itm/296912476055,https://i.ebayimg.com/images/g/IKQAAOSw-MNnciUZ/s-l140.jpg
iphone 14 plus,$300.00,https://www.ebay.com/itm/156609610537,https://i.ebayimg.com/images/g/VZgAAOSwDfpnbjs1/s-l140.jpg
iPhone 14 Plus,$212.50,https://www.ebay.com/itm/335747072728,https://i.ebayimg.com/images/g/xEcAAOSw8eBnbfpK/s-l140.jpg
"Apple iPhone 14 128GB, Unlocked - Used Excellent Condition",$399.00,https://www.ebay.com/itm/267109554973,https://i.ebayimg.com/images/g/xpgAAOSwWvVncWoI/s-l140.jpg
iphone 14 128gb unlocked used,$350.00,https://www.ebay.com/itm/335742341466,https://i.ebayimg.com/images/g/rwQAAOSweqZnaJgR/s-l140.jpg
iPhone 14 128gb unlocked -Midnight  ,$362.40,https://www.ebay.com/itm/205187960340,https://i.ebayimg.com/images/g/ShUAAOSwf6tnbdeK/s-l140.jpg
iphone 14 plus,$300.00,https://www.ebay.com/itm/156604781418,https://i.ebayimg.com/images/g/VZgAAOSwDfpnbjs1/s-l140.jpg
Working Apple iPhone 14 128GB unlocked mobile phone,$317.25,https://www.ebay.com/itm/235887284385,https://i.ebayimg.com/images/g/G6AAAOSwJjtnba~j/s-l140.jpg
Apple iPhone 14 Plus - 128GB - Midnight (Unlocked) 'Smashed back glass',$323.35,https://www.ebay.com/itm/296890251015,https://i.ebayimg.com/images/g/46wAAOSwGi9nUG--/s-l140.jpg
Apple iPhone 14 128GB Unlocked,$220.00,https://www.ebay.com/itm/396065443061,https://i.ebayimg.com/images/g/9yIAAOSwCSBncEK3/s-l140.jpg
"IPhone 14 -red, 128gb unlocked. ",$342.00,https://www.ebay.com/itm/365299325099,https://i.ebayimg.com/images/g/8NAAAOSwf1pnXcNw/s-l140.jpg
"iPhone 14 Plus Midnight Unlocked, 128gb ",$310.00,https://www.ebay.com/itm/305987883207,https://i.ebayimg.com/images/g/onAAAOSwPlNnZe-h/s-l140.jpg
Apple iPhone 14 Blue A2649 Unlocked,$375.00,https://www.ebay.com/itm/296897252394,https://i.ebayimg.com/images/g/m4AAAOSwnktnaIk5/s-l140.jpg
iPhone 14 Purple 128gb ,$305.00,https://www.ebay.com/itm/235878915815,https://i.ebayimg.com/images/g/AusAAOSwDWJnZd8m/s-l140.jpg
"iPhone 14 Plus - Midnight, 128GB - Unlocked",$375.00,https://www.ebay.com/itm/135459409535,https://i.ebayimg.com/images/g/sLAAAOSwZA1nTM2E/s-l140.jpg
iphone 14 plus 256gb unlocked,$369.84,https://www.ebay.com/itm/387748479841,https://i.ebayimg.com/images/g/z-QAAOSwu4BnZa7K/s-l140.jpg
APPLE IPHONE 14 PLUS RED UNLOCKED PRODUCT RED 10 Months Of Use,$373.00,https://www.ebay.com/itm/316069880770,https://i.ebayimg.com/images/g/UlMAAOSwxyhnZ6Gr/s-l140.jpg
iphone 14 plus unlocked 128gb blue,$350.00,https://www.ebay.com/itm/176744646116,https://i.ebayimg.com/images/g/0HcAAOSw0TBnLZPp/s-l140.jpg
iphone 14 128gb unlocked,$291.00,https://www.ebay.com/itm/276785731590,https://i.ebayimg.com/images/g/N7sAAOSwDWtnZNn9/s-l140.jpg
Apple iPhone 14 Plus - 128GB - Midnight (Unlocked),$398.90,https://www.ebay.com/itm/156591259507,https://i.ebayimg.com/images/g/IykAAOSw~kVnWuOq/s-l140.jpg
Apple iPhone 14 128g  w/eSim No sim Restrictions Unlocked,$305.00,https://www.ebay.com/itm/135452607179,https://i.ebayimg.com/images/g/X~cAAOSwLz9nZHMW/s-l140.jpg
iPhone 14/14 Plus,$350.00,https://www.ebay.com/itm/196897323398,https://i.ebayimg.com/images/g/IGEAAOSw8vhnYEiJ/s-l140.jpg
iPhone 14 Plus ,$295.00,https://www.ebay.com/itm/387749561509,https://i.ebayimg.com/images/g/ixIAAOSwdj5nZixj/s-l140.jpg
iPhone 14 Plus,$355.00,https://www.ebay.com/itm/256759589789,https://i.ebayimg.com/images/g/BR8AAOSwSzlnaMFH/s-l140.jpg
"Apple iPhone 14 128GB Unlocked Blue, Great Shape",$400.00,https://www.ebay.com/itm/156595485899,https://i.ebayimg.com/images/g/yq8AAOSw7h9naCPN/s-l140.jpg
iPhone 14 Plus Unlocked,$330.00,https://www.ebay.com/itm/186848989188,https://i.ebayimg.com/images/g/f~IAAOSws2dnY02L/s-l140.jpg
Factory Unlocked Apple iPhone 14 Plus eSIM 128GB Blue MQ3W3LL/A,$400.00,https://www.ebay.com/itm/335736700209,https://i.ebayimg.com/images/g/U~wAAOSwtjZnY0zo/s-l140.jpg
iPhone 14 128 GB Blue,$262.00,https://www.ebay.com/itm/396023307885,https://i.ebayimg.com/images/g/urUAAOSwBc9nYf0h/s-l140.jpg
iPhone 14,$364.00,https://www.ebay.com/itm/326375145202,https://i.ebayimg.com/images/g/~f0AAOSwevBnYfBt/s-l140.jpg
Apple iPhone 14 A2649 512GB White - Very Good - Unlocked!,$390.00,https://www.ebay.com/itm/186851667440,https://i.ebayimg.com/images/g/F6IAAOSwVkdnZZcB/s-l140.jpg
Apple iPhone 14 A2649 512GB Midnight - Unlocked!,$381.00,https://www.ebay.com/itm/186851582474,https://i.ebayimg.com/images/g/ksIAAOSwHutnVX4T/s-l140.jpg
Apple iPhone 14 A2649 512GB Midnight Very Good - Unlocked!,$372.00,https://www.ebay.com/itm/186851580100,https://i.ebayimg.com/images/g/ksIAAOSwHutnVX4T/s-l140.jpg
iPhone 14,$366.06,https://www.ebay.com/itm/326380520080,https://i.ebayimg.com/images/g/EP0AAOSwzYFnWgW~/s-l140.jpg
iPhone 14 Plus (USED) | 128GB | UNLOCKED | Purple |,$370.99,https://www.ebay.com/itm/286221587940,https://i.ebayimg.com/images/g/N3IAAOSwt8JnXnDV/s-l140.jpg
Apple iPhone 14 A2649 128GB Midnight Very Good - Unlocked!,$386.00,https://www.ebay.com/itm/186846070102,https://i.ebayimg.com/images/g/ksIAAOSwHutnVX4T/s-l140.jpg
iPhone 14 Purple 128GB,$291.00,https://www.ebay.com/itm/146270836388,https://i.ebayimg.com/images/g/b80AAOSwhPxnX29D/s-l140.jpg
iPhone 14,$335.00,https://www.ebay.com/itm/405422470384,https://i.ebayimg.com/images/g/nzUAAOSwhdFnX2zs/s-l140.jpg
iPhone 14 Plus,$323.35,https://www.ebay.com/itm/326372833269,https://i.ebayimg.com/images/g/ingAAOSwmfxnXxG1/s-l140.jpg
iPhone 14 Plus,$271.00,https://www.ebay.com/itm/296882712049,https://i.ebayimg.com/images/g/-EQAAOSwDctnXwml/s-l140.jpg
UNLOCKED USED iPhone 14 Blue 128 GB VIEW ALL PHOTOS,$350.00,https://www.ebay.com/itm/405426778214,https://i.ebayimg.com/images/g/dGcAAOSwAtNnYj-Y/s-l140.jpg
Apple iPhone 14 - 128 GB - Purple (Unlocked),$315.00,https://www.ebay.com/itm/156588207155,https://i.ebayimg.com/images/g/syEAAOSwPlNnYilM/s-l140.jpg
Apple iPhone 14 - 128 GB - Blue (Unlocked),$362.00,https://www.ebay.com/itm/167174860848,https://i.ebayimg.com/images/g/9Z4AAOSw2XZnXKkc/s-l140.jpg
Apple iPhone 14 - 128GB - White (EE),$357.52,https://www.ebay.com/itm/146266843057,https://i.ebayimg.com/images/g/U08AAOSwECpnUKs~/s-l140.jpg
iPhone 14,$299.99,https://www.ebay.com/itm/316063953472,https://i.ebayimg.com/images/g/F4oAAOSwgPpnS6~y/s-l140.jpg
iphone 14 plus unlocked,$370.06,https://www.ebay.com/itm/365284007166,https://i.ebayimg.com/images/g/4KkAAOSwTLRnW3Y9/s-l140.jpg
Apple iPhone 14 A2649 512GB Midnight Very Good - Unlocked!,$361.00,https://www.ebay.com/itm/186839691045,https://i.ebayimg.com/images/g/ksIAAOSwHutnVX4T/s-l140.jpg
Apple iPhone 14 unlocked (dot on screen -See Pics),$349.99,https://www.ebay.com/itm/167171903512,https://i.ebayimg.com/images/g/1dkAAOSwvg5nUfEo/s-l140.jpg
Apple iPhone 14 - 128 GB - starlight (Unlocked),$355.00,https://www.ebay.com/itm/256752984369,https://i.ebayimg.com/images/g/Q4YAAOSwRLFnXEsL/s-l140.jpg
Apple iPhone 14 128GB Deep Purple,$350.00,https://www.ebay.com/itm/196890680521,https://i.ebayimg.com/images/g/MC8AAOSwQ79nSCGD/s-l140.jpg
Apple iPhone 14 Plus - 128GB - Midnight (Unlocked),$341.66,https://www.ebay.com/itm/156577892426,https://i.ebayimg.com/images/g/IykAAOSw~kVnWuOq/s-l140.jpg
iPhone 14 128gb,$280.00,https://www.ebay.com/itm/167171079857,https://i.ebayimg.com/images/g/1YEAAOSwGNRnMQtR/s-l140.jpg
Apple iPhone 14 Plus (Product) Red 256GB (Unlocked) (Ca),$400.00,https://www.ebay.com/itm/176731613228,https://i.ebayimg.com/images/g/1k4AAOSwr3ZnR~N~/s-l140.jpg
Apple iPhone 14-128gb-Midnight- Unlocked,$247.58,https://www.ebay.com/itm/365281771024,https://i.ebayimg.com/images/g/c3AAAOSwXT5nVb17/s-l140.jpg
Apple iPhone 14 256GB Blue,$258.17,https://www.ebay.com/itm/316055506222,https://i.ebayimg.com/images/g/JGoAAOSwO6xnYJ9H/s-l140.jpg
Apple iPhone 14 - 128 GB - Purple (Unlocked),$400.00,https://www.ebay.com/itm/256752869365,https://i.ebayimg.com/images/g/3E8AAOSwxyhnYDrb/s-l140.jpg
iPhone 14 Mpua3ll/A.   ATT. US Shipping Only.,$255.00,https://www.ebay.com/itm/276774346586,https://i.ebayimg.com/images/g/-rsAAOSwP9xnWCtS/s-l140.jpg
APPLE IPHONE 14 128GB STARLIGHT 100% BATTERY HEALTH UNLOCKED TO ANY NETWORK,$305.05,https://www.ebay.com/itm/335732166362,https://i.ebayimg.com/images/g/lA8AAOSw2ydnYAak/s-l140.jpg
MINT --  Apple iPhone 14 Plus - 128 GB - Midnight Black (Unlocked),$381.87,https://www.ebay.com/itm/296870847403,https://i.ebayimg.com/images/g/6fsAAOSwLypnV717/s-l140.jpg
Apple iPhone 14 Plus - 128 GB - Midnight Black (Unlocked) WITH Torras kace,$378.00,https://www.ebay.com/itm/296870833725,https://i.ebayimg.com/images/g/dhMAAOSwmBxnV7wd/s-l140.jpg
Apple iPhone 14 Plus - 128 GB - Midnight (Unlocked),$355.00,https://www.ebay.com/itm/316038827040,https://i.ebayimg.com/images/g/mr0AAOSwe91nV4X9/s-l140.jpg
Apple iPhone 14 - 128GB - Blue (Unlocked),$372.95,https://www.ebay.com/itm/167168950335,https://i.ebayimg.com/images/g/WkEAAOSw68ZnWdgV/s-l140.jpg
iphone 14 unlocked 128gb,$355.00,https://www.ebay.com/itm/356371524853,https://i.ebayimg.com/images/g/dicAAOSwxT5nXFsA/s-l140.jpg
Apple iPhone 14 - 128 GB - starlight (Unlocked),$350.00,https://www.ebay.com/itm/256749441398,https://i.ebayimg.com/images/g/Q4YAAOSwRLFnXEsL/s-l140.jpg
iPhone 14 Great Condition ,$381.76,https://www.ebay.com/itm/395984768059,https://i.ebayimg.com/images/g/~TUAAOSwEq5nWkHl/s-l140.jpg
iPhone 14,$396.57,https://www.ebay.com/itm/146260565795,https://i.ebayimg.com/images/g/JX8AAOSwflBnWLwE/s-l140.jpg
Apple iPhone 14 (unlocked) 128GB,$395.00,https://www.ebay.com/itm/146268072998,https://i.ebayimg.com/images/g/i0wAAOSw-YVnXZQ7/s-l140.jpg
iPhone 14 128gb Unlocked Midnight boxed ,$359.95,https://www.ebay.com/itm/326364297142,https://i.ebayimg.com/images/g/ivsAAOSwQLVnVCzH/s-l140.jpg
"Apple iPhone 14 128GB Smartphone A2649 (Unlocked) - Yellow, Pre-Owned",$370.00,https://www.ebay.com/itm/286204078373,https://i.ebayimg.com/images/g/BncAAOSwqc1nVK1F/s-l140.jpg
Apple iPhone 14 128GB  (Unlocked) - Midnight EXCELLENT CONDITION,$390.00,https://www.ebay.com/itm/126826071292,https://i.ebayimg.com/images/g/j0IAAOSwqj1nWepI/s-l140.jpg
Apple iPhone 14 Plus - 128 GB - Midnight (Unlocked) ,$200.00,https://www.ebay.com/itm/405419928649,https://i.ebayimg.com/images/g/9zwAAOSwMp9nXSof/s-l140.jpg
Apple iPhone 14 128GB Black Unlocked,$399.99,https://www.ebay.com/itm/196892362698,https://i.ebayimg.com/images/g/fawAAOSwHiBnXEH~/s-l140.jpg
"iphone 14, 128gb Midnight",$370.00,https://www.ebay.com/itm/356366864248,https://i.ebayimg.com/images/g/UV8AAOSwO6FnWle4/s-l140.jpg
iPhone 14 Plus ,$369.00,https://www.ebay.com/itm/316029422079,https://i.ebayimg.com/images/g/urUAAOSwtPRnUk9O/s-l140.jpg
Apple Iphone 14 128gb unlocked,$298.95,https://www.ebay.com/itm/186827577946,https://i.ebayimg.com/images/g/GsUAAOSwuShnUj5R/s-l140.jpg
iPhone 14 128gb Midnight Black Excellent Condition,$385.00,https://www.ebay.com/itm/305959565868,https://i.ebayimg.com/images/g/0J4AAOSwrPNnVHNM/s-l140.jpg
Apple iPhone 14 - 128 GB - Purple (Unlocked) 100% Battery,$399.00,https://www.ebay.com/itm/186827314654,https://i.ebayimg.com/images/g/HF4AAOSw7VJnUghs/s-l140.jpg
Apple iPhone 14 Plus - 128 GB - Silver (Unlocked),$400.00,https://www.ebay.com/itm/326363795815,https://i.ebayimg.com/images/g/SfkAAOSw9NhkR7am/s-l140.jpg
"iphone 14 plus, 256gb Blue",$375.00,https://www.ebay.com/itm/356366859399,https://i.ebayimg.com/images/g/JlAAAOSweHFnWlbl/s-l140.jpg
"Iphone 14_tmobile-128gb, black-Excellent. ",$342.00,https://www.ebay.com/itm/365270289687,https://i.ebayimg.com/images/g/qmAAAOSwgTtnP2fE/s-l140.jpg
Iphone 14 _t mobile 128gb- Blue-Excellent. ,$332.00,https://www.ebay.com/itm/365270281993,https://i.ebayimg.com/images/g/JlcAAOSwf91nP2YJ/s-l140.jpg
Apple iPhone 14 - 256GB - Starlight (Unlocked) 'Cracked Back',$366.06,https://www.ebay.com/itm/296860375360,https://i.ebayimg.com/images/g/X1AAAOSwacBnUZIq/s-l140.jpg
iPhone 14 128gb unlocked blue,$350.00,https://www.ebay.com/itm/365262809174,https://i.ebayimg.com/images/g/abgAAOSwiHtnTPI5/s-l140.jpg
Apple iPhone 14 Plus - 128GB - Starlight (Unlocked) Cracked Screens But Working,$332.08,https://www.ebay.com/itm/356362064369,https://i.ebayimg.com/images/g/3nkAAOSwAL1nWLWF/s-l140.jpg
iPhone 14,$290.50,https://www.ebay.com/itm/135421449217,https://i.ebayimg.com/images/g/OV4AAOSwXUFnSLLc/s-l140.jpg
Apple iPhone 14 - 128GB - White (EE),$373.37,https://www.ebay.com/itm/146245274202,https://i.ebayimg.com/images/g/U08AAOSwECpnUKs~/s-l140.jpg
Apple iPhone 14-128gb-Midnight- Unlocked,$240.40,https://www.ebay.com/itm/365275839690,https://i.ebayimg.com/images/g/c3AAAOSwXT5nVb17/s-l140.jpg
iPhone 14 128GB Universally Unlocked - Deep Purple - Excellent - 87% Battery,$375.00,https://www.ebay.com/itm/296870360461,https://i.ebayimg.com/images/g/e~wAAOSwgkFnV243/s-l140.jpg
iPhone 14 128gb,$290.00,https://www.ebay.com/itm/167148236616,https://i.ebayimg.com/images/g/1YEAAOSwGNRnMQtR/s-l140.jpg
Apple iPhone 14 - Midnight A2882 (128GB),$366.06,https://www.ebay.com/itm/176716105662,https://i.ebayimg.com/images/g/AbQAAOSwoVhnTZci/s-l140.jpg
Apple iPhone 14 Starlight White 256GB (unlocked),$321.00,https://www.ebay.com/itm/116411234817,https://i.ebayimg.com/images/g/tgAAAOSw3nRnQpvq/s-l140.jpg
Apple iPhone 14 - 128 GB - Purple (Unlocked),$375.00,https://www.ebay.com/itm/235854610064,https://i.ebayimg.com/images/g/Bv4AAOSwwdpnTe1T/s-l140.jpg
Apple iPhone 14 128GB White,$260.00,https://www.ebay.com/itm/375835821262,https://i.ebayimg.com/images/g/s~oAAOSwf6tnTc6C/s-l140.jpg
iPhone 14 128gb Unlocked ,$331.00,https://www.ebay.com/itm/395960158876,https://i.ebayimg.com/images/g/14EAAOSwwU1nTS3v/s-l140.jpg
Apple iPhone 14 128GB Network Unlocked Very Good Condition,$400.00,https://www.ebay.com/itm/176715510863,https://i.ebayimg.com/images/g/zTQAAOSw1nlnRG-K/s-l140.jpg
iPhone 14,$325.00,https://www.ebay.com/itm/135414785001,https://i.ebayimg.com/images/g/kr8AAOSw4x5nTPDS/s-l140.jpg
Apple iPhone 14 - 128GB - Purple (Unlocked) Cracked Screen,$318.47,https://www.ebay.com/itm/267081978424,https://i.ebayimg.com/images/g/yu0AAOSweApnSwgs/s-l140.jpg
iPhone 14,$359.96,https://www.ebay.com/itm/226474015270,https://i.ebayimg.com/images/g/4sUAAOSwHGVnSvmg/s-l140.jpg
iphone 14 unlocked 128gb RED,$383.57,https://www.ebay.com/itm/267083344581,https://i.ebayimg.com/images/g/N40AAOSwkpBnTIka/s-l140.jpg
APPLE IPHONE 14 PINK 128GB AMAZING 88% BATTERY HEALTH UNLOCKED IDEAL XMAS GIFT,$378.26,https://www.ebay.com/itm/365273499662,https://i.ebayimg.com/images/g/8F4AAOSwQFdnVCxg/s-l140.jpg
Apple iPhone 14 - 128 GB - Midnight (Unlocked) - 100% Battery Health,$355.00,https://www.ebay.com/itm/296866092810,https://i.ebayimg.com/images/g/P0sAAOSwJExnVRFG/s-l140.jpg
Apple iPhone 14 - 128 GB - Midnight (Unlocked) - 100% Battery Health,$385.00,https://www.ebay.com/itm/296866100801,https://i.ebayimg.com/images/g/HIgAAOSwtVJnVRRb/s-l140.jpg
iPhone 14,$300.00,https://www.ebay.com/itm/316014877050,https://i.ebayimg.com/images/g/F4oAAOSwgPpnS6~y/s-l500.jpg
Apple Iphone 14 128Gb,$369.00,https://www.ebay.com/itm/167140250043,https://i.ebayimg.com/images/g/9zYAAOSwm4VnS6ZO/s-l140.jpg
Apple iPhone 14 256GB (Factory Unlocked GSM+CDMA) A2649 All Colors - Excellent,$390.00,https://www.ebay.com/itm/116407554211,https://i.ebayimg.com/images/g/K94AAOSwlXpnS6LH/s-l140.jpg
Apple iPhone 14 - 128 GB - Black (Unlocked),$315.00,https://www.ebay.com/itm/395956271256,https://i.ebayimg.com/images/g/-5MAAOSwoW1nS37A/s-l140.jpg
Apple iPhone 14,$330.00,https://www.ebay.com/itm/186821640845,https://i.ebayimg.com/images/g/NYEAAOSwB-hnTb8h/s-l140.jpg
Apple iPhone 14 - 128GB - Starlight UNLOCKED,$366.06,https://www.ebay.com/itm/176722441856,https://i.ebayimg.com/images/g/VZkAAOSwJxxm7tT8/s-l140.jpg
Apple iPhone 14 Plus - 128 GB - Silver (Unlocked),$362.00,https://www.ebay.com/itm/395964889292,https://i.ebayimg.com/images/g/9EYAAOSwGw5nT1mC/s-l140.jpg
Apple iPhone 14 - 128GB - Starlight UNLOCKED,$366.06,https://www.ebay.com/itm/176715459110,https://i.ebayimg.com/images/g/VZkAAOSwJxxm7tT8/s-l140.jpg
IOS Apple iPhone 14 Unlocked Black. Can go with any carrier. ,$385.00,https://www.ebay.com/itm/286201024860,https://i.ebayimg.com/images/g/YWgAAOSwNkZnUOwP/s-l140.jpg
Apple iPhone 14 - 128 GB - Red (U.S. Cellular),$249.50,https://www.ebay.com/itm/146235269957,https://i.ebayimg.com/images/g/5vMAAOSwHBpnRTmH/s-l140.jpg
Apple iPhone 14 Plus (unlocked),$400.00,https://www.ebay.com/itm/235850443548,https://i.ebayimg.com/images/g/BawAAOSwgmFnSiFT/s-l140.jpg
Apple iPhone 14 - 128 GB - Blue (Unlocked),$344.99,https://www.ebay.com/itm/316021481680,https://i.ebayimg.com/images/g/KKoAAOSwODJnRgaj/s-l140.jpg
Apple iPhone 14 - 128 GB - Starlight (Unlocked) / Excellent Condition,$324.99,https://www.ebay.com/itm/186827579121,https://i.ebayimg.com/images/g/lsAAAOSw6iNnUkD5/s-l140.jpg
Apple iPhone 14 - 128 GB - Black (Unlocked),$249.00,https://www.ebay.com/itm/267084966644,https://i.ebayimg.com/images/g/ruoAAOSwL2BnTlk7/s-l140.jpg
Apple iPhone 14 128GB Deep Purple,$350.00,https://www.ebay.com/itm/196854637854,https://i.ebayimg.com/images/g/MC8AAOSwQ79nSCGD/s-l140.jpg
iPhone 14 Plus (USED)| 128GB | UNLOCKED | Black (Midnight) | 87% Battery Health,$400.00,https://www.ebay.com/itm/176719381765,https://i.ebayimg.com/images/g/PB8AAOSwQsVnULvl/s-l140.jpg
iPhone 14 Plus (USED) | 128GB | UNLOCKED | Purple | 91% Battery Health,$400.00,https://www.ebay.com/itm/186825752503,https://i.ebayimg.com/images/g/gz0AAOSwrllnUMuk/s-l140.jpg
Apple iPhone 14 Starlight White 256GB (unlocked),$300.00,https://www.ebay.com/itm/116410416653,https://i.ebayimg.com/images/g/tgAAAOSw3nRnQpvq/s-l140.jpg
Celular iPhone 14 Plus ,$300.00,https://www.ebay.com/itm/387690459013,https://i.ebayimg.com/images/g/0LkAAOSwDRtnT77X/s-l140.jpg
iPhone 14,$295.00,https://www.ebay.com/itm/387677845146,https://i.ebayimg.com/images/g/dJ0AAOSwr4pnTGP7/s-l140.jpg
iPhone 14 Purple ,$293.00,https://www.ebay.com/itm/167125988560,https://i.ebayimg.com/images/g/u6wAAOSwL7JnRSym/s-l140.jpg
Apple iPhone 14 Fully Unlocked Great Condition 128GB Purple,$356.00,https://www.ebay.com/itm/156551515378,https://i.ebayimg.com/images/g/c70AAOSwS2BnSmBh/s-l140.jpg
Apple iPhone 14 Plus - 128 GB - Blue (Unlocked),$390.00,https://www.ebay.com/itm/146214158263,https://i.ebayimg.com/images/g/D38AAOSwx5FnQPoK/s-l140.jpg
Apple iPhone 14 - 128 GB - Purple (Unlocked),$349.00,https://www.ebay.com/itm/256728295121,https://i.ebayimg.com/images/g/bmsAAOSwpdJnRJ36/s-l140.jpg
Apple iPhone 14 Plus 128GB Unlocked Black Excellent 88% Battery 128gb,$370.00,https://www.ebay.com/itm/296840869385,https://i.ebayimg.com/images/g/FRkAAOSwe7dnRlTW/s-l140.jpg
iPhone 14,$354.99,https://www.ebay.com/itm/256727651487,https://i.ebayimg.com/images/g/SlMAAOSwlrxnQ7tC/s-l140.jpg
Apple iPhone 14 128GB Network Unlocked Very Good Condition,$200.00,https://www.ebay.com/itm/267083411787,https://i.ebayimg.com/images/g/ndkAAOSwO9dnTJ1L/s-l140.jpg
Apple iPhone 14 - 128GB - Midnight (EE),$338.00,https://www.ebay.com/itm/286180750774,https://i.ebayimg.com/images/g/1yEAAOSwK-NnQ1tn/s-l140.jpg
iphone 14 unlocked 128gb Purple ,$395.00,https://www.ebay.com/itm/205125551795,https://i.ebayimg.com/images/g/L3oAAOSwlT5nQ1iE/s-l140.jpg
iphone 14 256gb yellow,$383.86,https://www.ebay.com/itm/335695707175,https://i.ebayimg.com/images/g/4TwAAOSwcY5nH346/s-l500.jpg
Apple iPhone 14 Starlight White 256GB (unlocked),$350.00,https://www.ebay.com/itm/116401088278,https://i.ebayimg.com/images/g/tgAAAOSw3nRnQpvq/s-l500.jpg
iPhone 14 See Description/photos,$210.00,https://www.ebay.com/itm/167120226721,https://i.ebayimg.com/images/g/u1gAAOSwW39nQime/s-l140.jpg
"APPLE iPhone 14 A2649 128GB 6.1"" RETINA 5G UNLOCKED 12MP 4K STARLIGHT SMARTPHONE",$300.00,https://www.ebay.com/itm/375810764797,https://i.ebayimg.com/images/g/KO8AAOSwFJtnQUW5/s-l140.jpg
iphone 14 plus 128gb,$300.00,https://www.ebay.com/itm/365253395379,https://i.ebayimg.com/images/g/BUcAAOSwvbFnRoOm/s-l140.jpg
Apple iPhone 14 - 128 GB - Blue (Unlocked),$375.00,https://www.ebay.com/itm/375819575328,https://i.ebayimg.com/images/g/KKoAAOSwODJnRgaj/s-l140.jpg
iPhone 14 Plus,$250.00,https://www.ebay.com/itm/167136363076,https://i.ebayimg.com/images/g/x0AAAOSwDI9nSd8f/s-l140.jpg
iPhone 14 ,$286.00,https://www.ebay.com/itm/387652753656,https://i.ebayimg.com/images/g/uRcAAOSwHetnRkPS/s-l140.jpg
iPhone 15 Plus ,$350.00,https://www.ebay.com/itm/405387187445,https://i.ebayimg.com/images/g/TyQAAOSwLONnSSiq/s-l140.jpg
Apple iPhone 14 - 128 GB - Black (Unlocked),$370.99,https://www.ebay.com/itm/186801023707,https://i.ebayimg.com/images/g/vZcAAOSwSd9nQKmc/s-l140.jpg
iPhone 14,$355.08,https://www.ebay.com/itm/156536790019,https://i.ebayimg.com/images/g/KzgAAOSwfXNnQHsg/s-l140.jpg
Apple iPhone 14 - 128 GB - Purple (Unlocked),$400.00,https://www.ebay.com/itm/256724734834,https://i.ebayimg.com/images/g/EfkAAOSwZQRnMRAi/s-l140.jpg
iPhone 14 Spectrum Unlocked Works Great Just Upgraded No Reserve!,$351.00,https://www.ebay.com/itm/387649632160,https://i.ebayimg.com/images/g/OPsAAOSw0xFnKq0I/s-l140.jpg
Apple iPhone 14 - 128GB - Midnight (Unlocked) A2882 (GSM),$390.46,https://www.ebay.com/itm/267068920187,https://i.ebayimg.com/images/g/7WoAAOSw2EdnO15-/s-l140.jpg
iPhone 14 Plus 128GB,$380.00,https://www.ebay.com/itm/315981842934,https://i.ebayimg.com/images/g/69AAAOSwoItnPqsu/s-l140.jpg
iPhone 14 Blue 128 GB ,$350.00,https://www.ebay.com/itm/126794730036,https://i.ebayimg.com/images/g/Z1wAAOSw8yhnMDDy/s-l140.jpg
iPhone 14,$288.00,https://www.ebay.com/itm/196845110530,https://i.ebayimg.com/images/g/1g4AAOSwCrNnQ7IZ/s-l140.jpg
iPhone 14 128gb,$335.00,https://www.ebay.com/itm/167111358254,https://i.ebayimg.com/images/g/1YEAAOSwGNRnMQtR/s-l140.jpg
Apple iPhone 14  128GB  Midnight (Unlocked) A2882 Fair Condition üîã100%,$317.25,https://www.ebay.com/itm/156541109345,https://i.ebayimg.com/images/g/sdMAAOSwXfdnPNXD/s-l140.jpg
iPhone 14,$300.00,https://www.ebay.com/itm/405369237039,https://i.ebayimg.com/images/g/elEAAOSwyRxnNOm4/s-l140.jpg
"Apple iPhone 14, 128GB, Blue - Unlocked",$370.00,https://www.ebay.com/itm/405369184433,https://i.ebayimg.com/images/g/7pIAAOSwGJ5nN6WI/s-l140.jpg
Iphone 14 Purple,$267.50,https://www.ebay.com/itm/156545752598,https://i.ebayimg.com/images/g/uMAAAOSw6LpnPV5h/s-l140.jpg
Iphone 14 Purple,$250.00,https://www.ebay.com/itm/156531386174,https://i.ebayimg.com/images/g/uMAAAOSw6LpnPV5h/s-l140.jpg
Apple iPhone 14 - 128 GB - Red (Unlocked),$339.99,https://www.ebay.com/itm/305912260423,https://i.ebayimg.com/images/g/dsQAAOSwL7BnOGqI/s-l140.jpg
iPhone 14 Starlight 128GB UNLOCKED,$370.00,https://www.ebay.com/itm/276750875483,https://i.ebayimg.com/images/g/7dEAAOSwoRpnRQJW/s-l140.jpg
Unlocked iPhone 14 128gb - Excellent Condition,$338.00,https://www.ebay.com/itm/186809541681,https://i.ebayimg.com/images/g/KqcAAOSwAuFnRjBC/s-l140.jpg
Apple iPhone 14 - 128GB - Purple - Unlocked,$366.06,https://www.ebay.com/itm/167114356831,https://i.ebayimg.com/images/g/b4kAAOSwZmdnMnET/s-l140.jpg
iPhone 14 Unlocked,$326.00,https://www.ebay.com/itm/226459298088,https://i.ebayimg.com/images/g/LscAAOSwu9VnPpXa/s-l500.jpg
"iphone 14, 128gb Midnight",$200.00,https://www.ebay.com/itm/356302316453,https://i.ebayimg.com/images/g/8JcAAOSwHX9nQ~JQ/s-l140.jpg
Iphone 14 Purple - Excellent Condition - Next day delivery,$379.48,https://www.ebay.com/itm/387626087130,https://i.ebayimg.com/images/g/znEAAOSwaQFnM9M6/s-l140.jpg
iphone 14 256gb yellow,$344.60,https://www.ebay.com/itm/335683936542,https://i.ebayimg.com/images/g/4TwAAOSwcY5nH346/s-l140.jpg
iPhone 14 Plus 128 GB - Unlocked,$360.00,https://www.ebay.com/itm/387643796055,https://i.ebayimg.com/images/g/HUcAAOSwOZRnOSNG/s-l140.jpg
iPhone 14,$380.00,https://www.ebay.com/itm/267068232516,https://i.ebayimg.com/images/g/dHgAAOSwBZBnOoan/s-l140.jpg
Used Apple iPhone 14 with Box (Midnight) 128GB,$305.05,https://www.ebay.com/itm/226465027217,https://i.ebayimg.com/images/g/CP8AAOSw2SBnOkX2/s-l140.jpg
Apple iPhone 14 - 128 GB midnight,$224.40,https://www.ebay.com/itm/235840297445,https://i.ebayimg.com/images/g/DJIAAOSwh-xnP4xg/s-l140.jpg
Apple iPhone 14 - 128GB - Black Unlocked  89% Battery Healh  ,$300.17,https://www.ebay.com/itm/335683924268,https://i.ebayimg.com/images/g/an4AAOSwmC1nLRZO/s-l140.jpg
apple iphone 14 ( RED),$257.00,https://www.ebay.com/itm/226460532745,https://i.ebayimg.com/images/g/im4AAOSwWdFnP4W5/s-l140.jpg
Apple iPhone 14 (PRODUCT) RED - 128GB (Unlocked),$364.84,https://www.ebay.com/itm/276736412951,https://i.ebayimg.com/images/g/TJUAAOSwibpnOjv4/s-l140.jpg
Apple iPhone iPhone 14+ 128GB unlocked Stained LCD 1018,$255.00,https://www.ebay.com/itm/276736395083,https://i.ebayimg.com/images/g/S7cAAOSw5jRnK7ee/s-l140.jpg
Apple iPhone 14+ purple 128 GB unlocked 1017,$287.00,https://www.ebay.com/itm/286168268728,https://i.ebayimg.com/images/g/y70AAOSwHEBnK7Zb/s-l140.jpg
IPhone 14 ,$361.00,https://www.ebay.com/itm/205111103768,https://i.ebayimg.com/images/g/uV4AAOSw3hBnOVa4/s-l140.jpg
Apple iPhone 14 Model A2882 - 128GB - Purple (Unlocked) Boxed Incl. Accessories,$394.12,https://www.ebay.com/itm/205110830623,https://i.ebayimg.com/images/g/cXsAAOSwNgZnOffm/s-l140.jpg
Apple iPhone 14 128GB Unlocked - Used Condition - Original Box,$391.00,https://www.ebay.com/itm/326342234907,https://i.ebayimg.com/images/g/THUAAOSwTBFnOfvJ/s-l140.jpg
Apple IPhone 14 (great condition),$366.06,https://www.ebay.com/itm/146201047969,https://i.ebayimg.com/images/g/bP8AAOSwQbJnOe~W/s-l140.jpg
Apple iPhone 14 Purple 256GB (unlocked),$400.00,https://www.ebay.com/itm/356286173274,https://i.ebayimg.com/images/g/IfMAAOSw2f5nPpKs/s-l140.jpg
Used Apple iPhone 14 with Box (Midnight) 128GB,$305.05,https://www.ebay.com/itm/226453777824,https://i.ebayimg.com/images/g/CP8AAOSw2SBnOkX2/s-l140.jpg
Apple iPhone 14 - 128GB - black ,$312.37,https://www.ebay.com/itm/286173610873,https://i.ebayimg.com/images/g/qUYAAOSw5OdnPkF3/s-l140.jpg
iPhone 14 See Description/photos,$250.00,https://www.ebay.com/itm/167119942443,https://i.ebayimg.com/images/g/u1gAAOSwW39nQime/s-l140.jpg
Apple iPhone 14 - 128GB - Blue (Three),$301.39,https://www.ebay.com/itm/126786635507,https://i.ebayimg.com/images/g/iaoAAOSw5AtnOJPn/s-l140.jpg
Apple iPhone 14 A2649 - 128 GB - Black (Unlocked) (CDMA + GSM),$379.00,https://www.ebay.com/itm/196816992860,https://i.ebayimg.com/images/g/n1EAAOSwRklnEatI/s-l140.jpg
iPhone 14 - 128GB - Unlocked in Perfect Condition,$380.00,https://www.ebay.com/itm/395913276729,https://i.ebayimg.com/images/g/Vx0AAOSw19BnOhHH/s-l140.jpg
iPhone 14plus ,$386.00,https://www.ebay.com/itm/387617578334,https://i.ebayimg.com/images/g/gI4AAOSwYERnN0~h/s-l140.jpg
APPLE IPHONE 14 A2882 - 256GB - 90% BATTERY - SOLD AS SEEN,$324.56,https://www.ebay.com/itm/296818534809,https://i.ebayimg.com/images/g/fXAAAOSwRW5nNx4R/s-l140.jpg
iPhone 14,$380.00,https://www.ebay.com/itm/356290299618,https://i.ebayimg.com/images/g/zusAAOSwtIlnNjht/s-l140.jpg
Apple iPhone 14 - 128GB - Midnight (Unlocked) 89% Battery Health,$274.55,https://www.ebay.com/itm/256715796778,https://i.ebayimg.com/images/g/tsEAAOSwt4lnNhal/s-l140.jpg
Apple iPhone 14 - 128 GB - Blue (Unlocked),$247.58,https://www.ebay.com/itm/126784371484,https://i.ebayimg.com/images/g/B9kAAOSw2BpnOXG5/s-l140.jpg
iPhone 14 In Good Condition (Unlocked),$365.00,https://www.ebay.com/itm/387603906923,https://i.ebayimg.com/images/g/Pm0AAOSw0c5nFFDy/s-l140.jpg
Purple IPhone 14,$275.00,https://www.ebay.com/itm/267063572265,https://i.ebayimg.com/images/g/CRcAAOSwqI9nNU4b/s-l140.jpg
"iPhone 14 128GB (Purple) Unlocked - GREAT PHONE, NO ISSUES!! COMES W/ EXTRA‚ÄôS!!",$356.00,https://www.ebay.com/itm/296815495866,https://i.ebayimg.com/images/g/vRAAAOSwl0VnLDwV/s-l140.jpg
Apple iPhone 14 - 128GB - Black Unlocked  86% Battery Healh  ,$342.88,https://www.ebay.com/itm/335672736012,https://i.ebayimg.com/images/g/WTUAAOSwvIZnLRiv/s-l140.jpg
iPhone 14 Plus 128GB,$320.00,https://www.ebay.com/itm/267062809816,https://i.ebayimg.com/images/g/J34AAOSw4UpnNJTB/s-l140.jpg
Apple iPhone 14 - 128GB - Blue (Unlocked),$390.46,https://www.ebay.com/itm/286160821812,https://i.ebayimg.com/images/g/cDoAAOSw-cVnBX0k/s-l140.jpg
iPhone 14 Plus,$305.00,https://www.ebay.com/itm/286155106430,https://i.ebayimg.com/images/g/7ZQAAOSwGZxnMAVt/s-l140.jpg
Apple iPhone 14 Plus - 128 GB - Blue *UNLOCKED* Smartphone,$249.99,https://www.ebay.com/itm/395918810444,https://i.ebayimg.com/images/g/K9EAAOSwHGRnPOc~/s-l140.jpg
Apple iPhone 14 - 128GB - Blue (Three),$347.76,https://www.ebay.com/itm/126780605393,https://i.ebayimg.com/images/g/iaoAAOSw5AtnOJPn/s-l140.jpg
Apple iPhone 14 - 128GB - Black Unlocked  89% Battery Healh  ,$335.56,https://www.ebay.com/itm/335670895521,https://i.ebayimg.com/images/g/an4AAOSwmC1nLRZO/s-l140.jpg
iphone 14 128gb unlocked,$300.00,https://www.ebay.com/itm/156527839512,https://i.ebayimg.com/images/g/SyYAAOSwRy1nMiyX/s-l140.jpg
Apple iPhone 14 (PRODUCT)RED - 128GB (Unlocked),$225.74,https://www.ebay.com/itm/267068861256,https://i.ebayimg.com/images/g/cFIAAOSwyqVnO1Ha/s-l140.jpg
Apple iPhone 14 ,$335.00,https://www.ebay.com/itm/196811487829,https://i.ebayimg.com/images/g/CkkAAOSwdfdnKlqK/s-l140.jpg
Apple iPhone 14 Plus - 128GB - Purple (Unlocked) 'Smashed Screen',$390.46,https://www.ebay.com/itm/296812227450,https://i.ebayimg.com/images/g/VsAAAOSwUIVnM0Hp/s-l140.jpg
iphone 14,$203.50,https://www.ebay.com/itm/296820202622,https://i.ebayimg.com/images/g/~AoAAOSwNxpnLqNT/s-l140.jpg
Apple iPhone 14 | No SIM Restriction | 128GB Purple | Used,$345.00,https://www.ebay.com/itm/186777489215,https://i.ebayimg.com/images/g/SHsAAOSwwUBnJ4cJ/s-l140.jpg
"Apple iPhone 14+ Plus 128GB, BLUE, UNLOCKED, GREAT CONDITION",$399.00,https://www.ebay.com/itm/395911304538,https://i.ebayimg.com/images/g/f-wAAOSwfZBnOO6-/s-l140.jpg
Apple iPhone 14 - 128GB - Midnight (Unlocked) A2882 (GSM) - Amazing Condition,$378.26,https://www.ebay.com/itm/375793082223,https://i.ebayimg.com/images/g/z8UAAOSwPvlnHvyB/s-l140.jpg
Unlocked iPhone 14 128,$345.00,https://www.ebay.com/itm/286157902158,https://i.ebayimg.com/images/g/bSQAAOSw3TxnMjRb/s-l140.jpg
Apple iPhone 14 - 128 GB - Starlight (White) No Sim Restrictions (Unlocked),$270.00,https://www.ebay.com/itm/387603753209,https://i.ebayimg.com/images/g/CLAAAOSwnIpnJZlL/s-l140.jpg
iphone 14 128gb unlocked,$320.00,https://www.ebay.com/itm/156509708645,https://i.ebayimg.com/images/g/SyYAAOSwRy1nMiyX/s-l140.jpg
apple iphone 14 128gb midnight - unlocked,$355.00,https://www.ebay.com/itm/176675885964,https://i.ebayimg.com/images/g/7YgAAOSwbjVnMTOL/s-l140.jpg
iPhone 14 Blue 128 GB,$395.46,https://www.ebay.com/itm/176675473093,https://i.ebayimg.com/images/g/awAAAOSw671nLeCm/s-l140.jpg
iPhone 14 - 128 Gb - Used - Very Good Condition ,$345.00,https://www.ebay.com/itm/365224658078,https://i.ebayimg.com/images/g/jqMAAOSwIVhnMYHR/s-l140.jpg
Apple iPhone 14 - 128 GB - Purple (Unlocked) - NO ISSUES. All original items.,$300.00,https://www.ebay.com/itm/286168848658,https://i.ebayimg.com/images/g/4U8AAOSwJUdnLrLc/s-l140.jpg
iPhone 14 128GB - UNLOCKED,$338.00,https://www.ebay.com/itm/135365634327,https://i.ebayimg.com/images/g/qlQAAOSwoyFnKALa/s-l140.jpg
UNLOCKED üîë Apple iPhone 14 product red 128GB,$267.06,https://www.ebay.com/itm/256710881853,https://i.ebayimg.com/images/g/d2oAAOSwyxpnMTDx/s-l140.jpg
iPhone 14 128gb,$335.00,https://www.ebay.com/itm/167079858344,https://i.ebayimg.com/images/g/1YEAAOSwGNRnMQtR/s-l140.jpg
Apple iPhone 14 - 128 GB - Purple (Unlocked),$355.00,https://www.ebay.com/itm/256710779779,https://i.ebayimg.com/images/g/EfkAAOSwZQRnMRAi/s-l140.jpg
iphone 14 128gb unlocked red,$365.00,https://www.ebay.com/itm/256714846426,https://i.ebayimg.com/images/g/-wgAAOSwK7JnNSmN/s-l140.jpg
apple iphone 14 128gb unlocked Used Red,$354.99,https://www.ebay.com/itm/226440996127,https://i.ebayimg.com/images/g/QxwAAOSwOZxnL5~J/s-l140.jpg
Apple iPhone 14 - 128GB - Blue (Unlocked).,$311.15,https://www.ebay.com/itm/196795746166,https://i.ebayimg.com/images/g/CEAAAOSwODlnL4eg/s-l140.jpg
Apple iPhone 14 - 128GB - Purple (Unlocked),$347.76,https://www.ebay.com/itm/156521333591,https://i.ebayimg.com/images/g/aGoAAOSwzExnJoVu/s-l140.jpg
Apple iPhone 14 Plus - 256GB - Blue (Unlocked),$380.70,https://www.ebay.com/itm/126779490633,https://i.ebayimg.com/images/g/APoAAOSwIrxnNigK/s-l140.jpg
I Phone 14 Plus 256gb,$390.00,https://www.ebay.com/itm/267057299810,https://i.ebayimg.com/images/g/jqwAAOSwtvpnLjzO/s-l140.jpg
I Phone 14 Light Purple In Good Condition ,$400.00,https://www.ebay.com/itm/267057277337,https://i.ebayimg.com/images/g/PlEAAOSwtqhnLf9N/s-l140.jpg
Apple iPhone 14 - 128GB - Midnight (Unlocked) 'Smashed back and screen',$305.05,https://www.ebay.com/itm/296803305187,https://i.ebayimg.com/images/g/0GcAAOSwDihnG6ER/s-l140.jpg
Apple iPhone 14 - 128GB - Purple (O2),$390.46,https://www.ebay.com/itm/267056982003,https://i.ebayimg.com/images/g/LiIAAOSwcx9nLeoP/s-l140.jpg
iphone 14 plus unlocked 128gb blue,$395.00,https://www.ebay.com/itm/176669716403,https://i.ebayimg.com/images/g/0HcAAOSw0TBnLZPp/s-l140.jpg
iPhone 14 128GB (Purple) - Unlocked - GREAT CONDITION !! COMES W/ EXTRA‚ÄôS!!,$400.00,https://www.ebay.com/itm/296802329978,https://i.ebayimg.com/images/g/9FMAAOSwLH1nLYSm/s-l140.jpg
iphone 14 256gb yellow,$343.51,https://www.ebay.com/itm/335669066275,https://i.ebayimg.com/images/g/4TwAAOSwcY5nH346/s-l140.jpg
iPhone 14 256GB UNLOCKED ,$400.00,https://www.ebay.com/itm/286163214978,https://i.ebayimg.com/images/g/ZvUAAOSweFJnNixQ/s-l140.jpg
Apple iPhone 14 128gb Midnight Unlocked - 84% Battery. Good Condition,$329.45,https://www.ebay.com/itm/226440447273,https://i.ebayimg.com/images/g/Ql4AAOSwAhpnLnRV/s-l140.jpg
Apple iPhone 14 Plus - 256GB - Blue (Unlocked),$396.57,https://www.ebay.com/itm/126777580464,https://i.ebayimg.com/images/g/APoAAOSwIrxnNigK/s-l140.jpg
Apple iPhone 14 - 128 GB - Black (Unlocked),$370.00,https://www.ebay.com/itm/167084836805,https://i.ebayimg.com/images/g/mx4AAOSw50hnK~3H/s-l140.jpg
iPhone 14 256GB UNLOCKED ,$400.00,https://www.ebay.com/itm/286163126519,https://i.ebayimg.com/images/g/ZvUAAOSweFJnNixQ/s-l140.jpg
Apple iPhone 14 - 128 GB - Blue (Unlocked),$350.00,https://www.ebay.com/itm/326330363744,https://i.ebayimg.com/images/g/AdYAAOSwSc5nLMfr/s-l140.jpg
Apple iPhone 14 128gb Unlocked White NPUN3LL/A Works Great!,$399.69,https://www.ebay.com/itm/205096197683,https://i.ebayimg.com/images/g/NGUAAOSwhRZnMOV3/s-l140.jpg
Apple iPhone 14 - 128 GB - Multicolor (Unlocked),$310.00,https://www.ebay.com/itm/186761927132,https://i.ebayimg.com/images/g/F88AAOSwX91nKCNM/s-l140.jpg
iPhone 14 Plus 128 Gb Unlocked,$395.00,https://www.ebay.com/itm/305895567812,https://i.ebayimg.com/images/g/5NkAAOSwJrxnLn9-/s-l140.jpg
Apple iPhone 14 - Black - Unlocked - 128GB - FAIR CONDITION- NO BACK CAMERA,$240.50,https://www.ebay.com/itm/267055010319,https://i.ebayimg.com/images/g/g~0AAOSwBTRnK9Fo/s-l140.jpg
Apple iPhone 14 128GB (Factory GSM+CDMA Unlocked) A2649 Midnight - Open Box,$399.99,https://www.ebay.com/itm/326338059410,https://i.ebayimg.com/images/g/Yc8AAOSwDApnNOjO/s-l140.jpg
Apple iPhone iPhone 14+ 128GB unlocked Stained LCD 1018,$300.00,https://www.ebay.com/itm/276719313338,https://i.ebayimg.com/images/g/S7cAAOSw5jRnK7ee/s-l140.jpg
Apple iPhone 14+ purple 128 GB unlocked 1017,$265.00,https://www.ebay.com/itm/276719309084,https://i.ebayimg.com/images/g/y70AAOSwHEBnK7Zb/s-l140.jpg
iphone iphone 14 unlocked 128gb blue Bad Front Microphone 1010,$311.00,https://www.ebay.com/itm/286148439803,https://i.ebayimg.com/images/g/N0QAAOSwrCZnK6uK/s-l140.jpg
iPhone 14 ,$368.82,https://www.ebay.com/itm/186778917683,https://i.ebayimg.com/images/g/mT4AAOSwLVJnM45o/s-l140.jpg
Apple iPhone 14 Unlocked 128gb Purple Vibration Issues 1009,$297.10,https://www.ebay.com/itm/276719227173,https://i.ebayimg.com/images/g/vOQAAOSwM1lnK6Yg/s-l140.jpg
Apple iPhone 14 ,$300.00,https://www.ebay.com/itm/196783266875,https://i.ebayimg.com/images/g/CkkAAOSwdfdnKlqK/s-l140.jpg
Apple iPhone 14 - 128GB - Blue (Unlocked),$311.15,https://www.ebay.com/itm/296812587667,https://i.ebayimg.com/images/g/QMgAAOSw2cZnM3Xc/s-l140.jpg
iPhone 14 128gb unlocked used smashed back  #03,$347.77,https://www.ebay.com/itm/375766863730,https://i.ebayimg.com/images/g/CLkAAOSwGN5nETMO/s-l140.jpg
Apple iPhone 14 - 128 GB - Black (Unlocked) - NO ISSUES. All original items.,$360.00,https://www.ebay.com/itm/286153240229,https://i.ebayimg.com/images/g/4xMAAOSwGNRnLrU~/s-l140.jpg
Apple iPhone 14 - 128 GB - Purple (Unlocked) - NO ISSUES. All original items.,$365.00,https://www.ebay.com/itm/286153235643,https://i.ebayimg.com/images/g/4U8AAOSwJUdnLrLc/s-l140.jpg
Apple iPhone 14 - 256GB - Midnight ,$351.40,https://www.ebay.com/itm/156507876918,https://i.ebayimg.com/images/g/8hgAAOSw-jdnJzkI/s-l140.jpg
Apple iPhone 14 Plus - 256GB - Midnight (Unlocked) Cracked Screen,$244.04,https://www.ebay.com/itm/256710791535,https://i.ebayimg.com/images/g/IR4AAOSwx2dnMRMh/s-l140.jpg
Apple iPhone 14 - 128GB - Midnight  (EE) Excellent condition + accessories ,$359.96,https://www.ebay.com/itm/256702792580,https://i.ebayimg.com/images/g/aBcAAOSwEkFnHReB/s-l140.jpg
Apple iPhone 14 128gb Super Clean !! ATT ,$295.00,https://www.ebay.com/itm/156507736323,https://i.ebayimg.com/images/g/k7kAAOSwIZ1nIrpr/s-l140.jpg
Apple iPhone 14 - 128GB - Midnight (Unlocked) A2882 (GSM),$306.27,https://www.ebay.com/itm/196792003383,https://i.ebayimg.com/images/g/aQwAAOSwi4xnF-fh/s-l140.jpg
iPhone 14 Blue 128 GB ,$200.00,https://www.ebay.com/itm/126769685675,https://i.ebayimg.com/images/g/Z1wAAOSw8yhnMDDy/s-l140.jpg
iPhone 14 Plus White 128GB,$325.00,https://www.ebay.com/itm/146171462857,https://i.ebayimg.com/images/g/r4EAAOSwxQJnI6xJ/s-l140.jpg
Apple iPhone 14 - 128 GB - Midnight (Unlocked) - 99% Battery Health,$371.00,https://www.ebay.com/itm/296798341486,https://i.ebayimg.com/images/g/dLwAAOSwVqVnKwKU/s-l140.jpg
Apple iPhone 14 - 128 GB - Midnight (Unlocked) - 100% Battery Health,$360.00,https://www.ebay.com/itm/296798262107,https://i.ebayimg.com/images/g/irUAAOSwFz5nKvRh/s-l140.jpg
apple iPhone 14,$234.50,https://www.ebay.com/itm/305888565356,https://i.ebayimg.com/images/g/y5YAAOSwI7FnKtkC/s-l140.jpg
apple iphone 14 128gb att,$320.00,https://www.ebay.com/itm/305888547893,https://i.ebayimg.com/images/g/V6EAAOSw-DxnKtX8/s-l140.jpg
Apple iPhone 14  128GB - Midnight Unlocked Smartphone,$250.00,https://www.ebay.com/itm/176674537464,https://i.ebayimg.com/images/g/3l8AAOSwHT5nMSa3/s-l140.jpg
Apple iPhone 14  128GB - Blue Unlocked Smartphone,$250.00,https://www.ebay.com/itm/176674538733,https://i.ebayimg.com/images/g/6mIAAOSwW4tnMScO/s-l140.jpg
Apple iPhone 14 - 128GB - Unlocked Midnight,$356.00,https://www.ebay.com/itm/315932021125,https://i.ebayimg.com/images/g/emsAAOSwGmRnLQl-/s-l140.jpg
Apple iPhone 14 Plus - 128 GB - Black (Unlocked),$249.48,https://www.ebay.com/itm/176661963583,https://i.ebayimg.com/images/g/QXsAAOSwTTxnJ8Jq/s-l140.jpg
iPhone 14 Plus ,$275.00,https://www.ebay.com/itm/405340815332,https://i.ebayimg.com/images/g/c8wAAOSwu5JnL~4r/s-l140.jpg
Apple iPhone 14 Plus - 128 GB - Purple (Unlocked),$395.00,https://www.ebay.com/itm/226431032040,https://i.ebayimg.com/images/g/b5AAAOSwoc9nJ5GC/s-l140.jpg
iPhone 14 unlocked 128GB Great Condition,$399.00,https://www.ebay.com/itm/387596487642,https://i.ebayimg.com/images/g/TjEAAOSwmD5nL2QY/s-l140.jpg
Apple iPhone 14 | No SIM Restriction | 128GB Purple | Used,$390.00,https://www.ebay.com/itm/186761039502,https://i.ebayimg.com/images/g/SHsAAOSwwUBnJ4cJ/s-l140.jpg
Apple iPhone 14 - 128GB - Midnight (Vodafone),$390.46,https://www.ebay.com/itm/375776992696,https://i.ebayimg.com/images/g/GNEAAOSw4wxnLxzy/s-l140.jpg
"iPhone 14, 128GB, Unlocked, Starlight",$384.00,https://www.ebay.com/itm/395861265908,https://i.ebayimg.com/images/g/UHIAAOSwsXdnJwpl/s-l140.jpg
iPhone 14,$300.00,https://www.ebay.com/itm/167075584717,https://i.ebayimg.com/images/g/p8EAAOSwZW9nLsZM/s-l140.jpg
Apple iPhone 14 - 128 GB - Starlight/White (Unlocked),$338.00,https://www.ebay.com/itm/176658643892,https://i.ebayimg.com/images/g/-ZUAAOSwO8NnJVbq/s-l140.jpg
iPhone 14 Spectrum Unlocked Works Great Just Upgraded No Reserve!,$320.00,https://www.ebay.com/itm/387583577134,https://i.ebayimg.com/images/g/OPsAAOSw0xFnKq0I/s-l140.jpg
iPhone 14 256gb Black Unlocked Very Good Condition,$400.00,https://www.ebay.com/itm/315911775544,https://i.ebayimg.com/images/g/mocAAOSwsdFnJQfx/s-l140.jpg
Apple iPhone 14 Plus - 128 GB - Blue (Unlocked),$300.00,https://www.ebay.com/itm/205076186331,https://i.ebayimg.com/images/g/plwAAOSwdMdnFZa5/s-l140.jpg
Apple iPhone 14 - 128 GB - Red (Unlocked)- please read!,$328.00,https://www.ebay.com/itm/365210180044,https://i.ebayimg.com/images/g/xBAAAOSw4ehnGTmk/s-l140.jpg
iPhone 14 Plus White 128GB,$295.00,https://www.ebay.com/itm/146145402207,https://i.ebayimg.com/images/g/r4EAAOSwxQJnI6xJ/s-l140.jpg
iPhone 14 Purple Unlocked 256gb,$323.00,https://www.ebay.com/itm/326322629884,https://i.ebayimg.com/images/g/ujAAAOSwaEtnI4Rb/s-l140.jpg
Apple iPhone 14 128GB Unlocked Phone Midnight - 85% Battery Health - EXCELLENT ,$366.06,https://www.ebay.com/itm/176663385975,https://i.ebayimg.com/images/g/C9YAAOSwF29nKL1C/s-l140.jpg
Apple iPhone 14 - Midnight 128GB - Activation Required - Good Condition,$351.00,https://www.ebay.com/itm/286136930655,https://i.ebayimg.com/images/g/-qQAAOSwJqFnFRg5/s-l140.jpg
Apple iPhone 14 128gb Super Clean !! ATT ,$315.00,https://www.ebay.com/itm/156485850196,https://i.ebayimg.com/images/g/k7kAAOSwIZ1nIrpr/s-l140.jpg
Apple iPhone 14 Plus Unlocked 128 GB Red No Carrier Restrictions Excellent,$390.00,https://www.ebay.com/itm/186758387692,https://i.ebayimg.com/images/g/L68AAOSwtcpnJVL5/s-l500.jpg
Apple iPhone 14 Unlocked - 128 GB - Red (gently used),$396.00,https://www.ebay.com/itm/335638581787,https://i.ebayimg.com/images/g/SqwAAOSwcHxnHTjO/s-l140.jpg
Light Blue iPhone 14 128GB UNLOCKED!,$365.00,https://www.ebay.com/itm/196761395004,https://i.ebayimg.com/images/g/oWQAAOSwEVhnIRCR/s-l140.jpg
Apple iPhone 14 - 128 GB - Black (Unlocked) Excellent Condition,$385.00,https://www.ebay.com/itm/176652971934,https://i.ebayimg.com/images/g/WAUAAOSwlRRnILyr/s-l140.jpg
iPhone 14,$285.00,https://www.ebay.com/itm/305868946699,https://i.ebayimg.com/images/g/Gy8AAOSw4idnFtRD/s-l140.jpg
Apple iPhone 14 - 128GB - Midnight (Unlocked) - 100% Battery - Slightly Used,$370.33,https://www.ebay.com/itm/186762795726,https://i.ebayimg.com/images/g/QKkAAOSwwuVnKNtj/s-l140.jpg
"iphone 14, 128gb Midnight",$371.00,https://www.ebay.com/itm/356218748467,https://i.ebayimg.com/images/g/Cg8AAOSwz~NnJwSd/s-l140.jpg
Light Blue iPhone 14 128GB UNLOCKED!,$365.00,https://www.ebay.com/itm/305866661756,https://i.ebayimg.com/images/g/aCcAAOSwrBZnDwyx/s-l140.jpg
Apple iPhone 14 - 128 GB - Blue (Unlocked),$386.00,https://www.ebay.com/itm/326325178583,https://i.ebayimg.com/images/g/P5kAAOSw4uhnGrpZ/s-l140.jpg
"Apple iPhone 14 (2022) | White, 128GB | Unlocked, Great Condition",$400.00,https://www.ebay.com/itm/387575751654,https://i.ebayimg.com/images/g/S4EAAOSw6yRnIu4p/s-l140.jpg
iPhone 14,$285.00,https://www.ebay.com/itm/356208601120,https://i.ebayimg.com/images/g/loYAAOSwYANnIvCj/s-l140.jpg
iphone 14 plus blue unlocked,$350.00,https://www.ebay.com/itm/387560208370,https://i.ebayimg.com/images/g/PwcAAOSwvuRnIuWz/s-l140.jpg
iphone 14 256gb yellow,$381.68,https://www.ebay.com/itm/335641831849,https://i.ebayimg.com/images/g/4TwAAOSwcY5nH346/s-l140.jpg
Apple iPhone 14 Plus - 128GB - Midnight - Unlocked - ,$378.26,https://www.ebay.com/itm/305862865686,https://i.ebayimg.com/images/g/mwUAAOSwu11nHO1D/s-l140.jpg
Apple iPhone 14 Plus - 128GB - Midnight - Unlocked - 90% Battery,$378.26,https://www.ebay.com/itm/305862846417,https://i.ebayimg.com/images/g/~v0AAOSwiqtnHOo6/s-l140.jpg
Apple iPhone 14 - 128 GB - Multicolor (Unlocked),$295.00,https://www.ebay.com/itm/356192109848,https://i.ebayimg.com/images/g/6HcAAOSw--BnHJ-K/s-l140.jpg
apple iphone 14 128gb midnight - unlocked,$359.00,https://www.ebay.com/itm/226420752894,https://i.ebayimg.com/images/g/zVAAAOSwlqxnHusu/s-l140.jpg
Apple iPhone 14 A2649 - 128 GB - Black (Unlocked) (CDMA + GSM),$399.00,https://www.ebay.com/itm/196749902964,https://i.ebayimg.com/images/g/n1EAAOSwRklnEatI/s-l140.jpg
Apple iPhone 14 Plus - 128 GB - Purple (Unlocked),$400.00,https://www.ebay.com/itm/186747999011,https://i.ebayimg.com/images/g/qQwAAOSweQ9nCbvE/s-l140.jpg
iPhone 14,$280.00,https://www.ebay.com/itm/186747756349,https://i.ebayimg.com/images/g/6aAAAOSwMMdnG~11/s-l140.jpg
Apple iPhone 14 - 128 GB - Red (Unlocked),$335.00,https://www.ebay.com/itm/315908543535,https://i.ebayimg.com/images/g/sRQAAOSwkgdnI7aF/s-l140.jpg
Apple iPhone 14 - 128GB - Midnight (Unlocked) 'Smashed back and screen',$305.05,https://www.ebay.com/itm/296774209202,https://i.ebayimg.com/images/g/0GcAAOSwDihnG6ER/s-l140.jpg
Apple iPhone 14 - 128GB - Midnight (Unlocked) A2882 (GSM),$379.48,https://www.ebay.com/itm/267040596157,https://i.ebayimg.com/images/g/N-UAAOSwzrpnG201/s-l140.jpg
iphone 14 att 256gb,$319.00,https://www.ebay.com/itm/286126602190,https://i.ebayimg.com/images/g/2QYAAOSw7GJnGxgn/s-l140.jpg
Apple iPhone 14 128GB Network Unlocked Very Good Condition,$360.00,https://www.ebay.com/itm/176645758166,https://i.ebayimg.com/images/g/PP0AAOSwwLZnGwNQ/s-l140.jpg
IPhone 14 Plus 128GB (UNLOCKED) + Accessories - Good Conditions,$376.00,https://www.ebay.com/itm/226413380598,https://i.ebayimg.com/images/g/GfQAAOSwm7NnGFE3/s-l500.jpg
128GB iPhone 14 ,$350.00,https://www.ebay.com/itm/286121934565,https://i.ebayimg.com/images/g/LRYAAOSwordnGAp5/s-l500.jpg
Apple iPhone 14 - 128GB,$390.46,https://www.ebay.com/itm/356193136312,https://i.ebayimg.com/images/g/e4QAAOSwhKRnHQhA/s-l140.jpg
Apple iPhone 14+ A2632 128GB Purple Unlocked Very Good Condition,$355.00,https://www.ebay.com/itm/365193451429,https://i.ebayimg.com/images/g/xncAAOSwVGFnGSaI/s-l140.jpg
iPhone 14,$345.00,https://www.ebay.com/itm/305853268459,https://i.ebayimg.com/images/g/Gy8AAOSw4idnFtRD/s-l140.jpg
iPhone 14 128GB Universally Unlocked - Midnight Black- Excellent Condition,$400.00,https://www.ebay.com/itm/296780377004,https://i.ebayimg.com/images/g/6M0AAOSwh1JnG6vF/s-l140.jpg
iPhone 14 128GB Universally Unlocked - Midnight Black- Excellent Condition,$387.00,https://www.ebay.com/itm/296774333983,https://i.ebayimg.com/images/g/6M0AAOSwh1JnG6vF/s-l140.jpg
Apple iPhone 14 - 128 GB - Blue (Unlocked),$381.00,https://www.ebay.com/itm/326314587154,https://i.ebayimg.com/images/g/P5kAAOSw4uhnGrpZ/s-l140.jpg
Apple iPhone 14 Plus - 128 GB - Blue - Fully Unlocked 5G E-Sim - Good,$400.00,https://www.ebay.com/itm/205054250497,https://i.ebayimg.com/images/g/OSwAAOSwoVNnFZwg/s-l140.jpg
Apple iPhone 14 | 128GB | Network Unlocked | Purple | Excellent Condition,$376.00,https://www.ebay.com/itm/196737256036,https://i.ebayimg.com/images/g/j1UAAOSwvypnEYHE/s-l140.jpg
iPhone 14,$355.00,https://www.ebay.com/itm/126733571446,https://i.ebayimg.com/images/g/W6MAAOSwmpJnFTVB/s-l140.jpg
Apple iPhone 14 - Midnight 128GB - Activation Required - Good Condition,$371.00,https://www.ebay.com/itm/286118371380,https://i.ebayimg.com/images/g/-qQAAOSwJqFnFRg5/s-l140.jpg
"Apple iPhone 14 Plus A2632, 128 GB, Spectrum Lock, White, Fair Cond:QA406",$299.00,https://www.ebay.com/itm/276693896351,https://i.ebayimg.com/images/g/-HAAAOSw7SVm2f0c/s-l140.jpg
"iphone 14, 256gb Midnight.",$365.00,https://www.ebay.com/itm/356191551768,https://i.ebayimg.com/images/g/JvEAAOSw2dFnHGB1/s-l140.jpg
iPhone 14 256GB,$330.00,https://www.ebay.com/itm/156473521846,https://i.ebayimg.com/images/g/bc0AAOSws8pnGWdy/s-l140.jpg
Apple iPhone 14 Plus - 128GB - Blue (Unlocked) Broken Screen,$298.95,https://www.ebay.com/itm/135310734523,https://i.ebayimg.com/images/g/4fkAAOSwQcFnFB26/s-l140.jpg
Apple iPhone 14 - 128 GB - Purple (Unlocked),$400.00,https://www.ebay.com/itm/387511635277,https://i.ebayimg.com/images/g/8NAAAOSw1KhnFBCv/s-l140.jpg
Apple iPhone 14  Blue - 128GB,$338.63,https://www.ebay.com/itm/226417377806,https://i.ebayimg.com/images/g/ebkAAOSwpMJnG~FB/s-l140.jpg
Apple iPhone 14 - 128 GB - Black (Unlocked),$386.00,https://www.ebay.com/itm/267034414043,https://i.ebayimg.com/images/g/5xEAAOSwGSlnE~2l/s-l140.jpg
iPhone 14 Fully Functional,$229.29,https://www.ebay.com/itm/176645580510,https://i.ebayimg.com/images/g/ZfIAAOSwB1ZnGtwt/s-l140.jpg
iPhone 14 (Purple),$365.00,https://www.ebay.com/itm/335626388936,https://i.ebayimg.com/images/g/WtAAAOSw0mFnE8Em/s-l140.jpg
Apple iPhone 14 - 128GB - Midnight (Unlocked) A2882 (GSM),$378.26,https://www.ebay.com/itm/395820684301,https://i.ebayimg.com/images/g/trQAAOSwCf9nGQDH/s-l140.jpg
iphone 14 - starlight - 128gb - unlocked - 100% battery capacity,$315.00,https://www.ebay.com/itm/176643747707,https://i.ebayimg.com/images/g/rkgAAOSwuRtnGVPV/s-l140.jpg
iPhone 14 - Factory Unlocked - 128GB - White - Excellent,$379.00,https://www.ebay.com/itm/146112108215,https://i.ebayimg.com/images/g/rH4AAOSw0IJnEtCC/s-l140.jpg
Apple iPhone 14 - 128 GB - Purple (Unlocked),$310.00,https://www.ebay.com/itm/405294870656,https://i.ebayimg.com/images/g/9XoAAOSwvWBnErH8/s-l140.jpg
Apple iPhone 14 - 128GB - Dark Blue - Unlocked - Good working order - see photos,$341.66,https://www.ebay.com/itm/176636091177,https://i.ebayimg.com/images/g/wLEAAOSwxNBnEoOO/s-l140.jpg
iPhone 14pro 256gb - unlocked,$400.00,https://www.ebay.com/itm/135316676040,https://i.ebayimg.com/images/g/YQAAAOSwfLNnGVdk/s-l140.jpg
iPhone 14 Unlocked Blue READ,$250.00,https://www.ebay.com/itm/135318720932,https://i.ebayimg.com/images/g/IGMAAOSwAslnGqsM/s-l140.jpg
iphone 14 tmobile  Black See Description,$203.50,https://www.ebay.com/itm/256684961966,https://i.ebayimg.com/images/g/FOAAAOSw0QlnFa4r/s-l140.jpg
